Base_Price,Season,Day_Type,Local_Event,Room_Type,Competitor_Demand,Optimal_Price
129.05,Summer,Weekday,No,Standard,Medium,154.55
141.02,Winter,Weekday,No,Suite,High,251.5
198.18,Autumn,Weekend,No,Standard,High,276.63
121.0,Autumn,Weekend,No,Standard,Low,135.72
200.45,Spring,Weekend,No,Standard,Low,205.3
83.22,Spring,Weekday,No,Suite,Low,105.83
186.52,Spring,Weekday,No,Suite,Medium,261.26
197.13,Winter,Weekend,No,Standard,Medium,278.79
97.27,Autumn,Weekday,Yes,Standard,Medium,136.31
134.55,Autumn,Weekday,No,Standard,Low,132.5
94.82,Spring,Weekday,Yes,Standard,Low,110.95
175.99,Winter,Weekend,Yes,Standard,Medium,292.04
150.3,Winter,Weekend,No,Standard,Medium,216.84
165.3,Spring,Weekday,Yes,Standard,Low,192.26
99.47,Spring,Weekend,No,Standard,Medium,119.92
101.76,Spring,Weekend,No,Standard,Low,101.49
76.22,Summer,Weekday,No,Standard,High,100.95
118.31,Summer,Weekday,No,Standard,High,162.48
153.96,Summer,Weekend,Yes,Standard,Low,226.12
198.69,Summer,Weekday,No,Suite,Low,281.11
170.04,Autumn,Weekday,No,Standard,Medium,191.2
135.31,Spring,Weekday,No,Standard,Low,122.86
212.97,Summer,Weekend,No,Standard,Medium,285.37
177.89,Summer,Weekend,Yes,Standard,High,310.71
209.52,Summer,Weekend,No,Standard,Medium,276.86
149.14,Winter,Weekday,No,Standard,High,216.9
108.84,Spring,Weekend,No,Suite,Medium,166.04
77.92,Summer,Weekend,No,Standard,Low,95.61
178.91,Autumn,Weekday,No,Standard,Medium,197.09
88.2,Spring,Weekend,No,Standard,Medium,108.52
115.42,Autumn,Weekday,Yes,Standard,Medium,161.97
149.87,Spring,Weekday,No,Standard,Low,139.42
154.66,Spring,Weekday,No,Suite,Low,192.44
160.09,Winter,Weekday,No,Standard,High,228.33
94.94,Winter,Weekday,No,Standard,Low,101.6
126.96,Winter,Weekday,No,Standard,High,179.27
162.58,Summer,Weekday,Yes,Standard,High,267.5
215.47,Spring,Weekend,Yes,Suite,High,421.2
179.14,Autumn,Weekday,No,Standard,Medium,202.49
208.39,Summer,Weekday,No,Standard,Medium,252.42
184.33,Spring,Weekday,No,Standard,High,227.46
158.76,Summer,Weekend,No,Suite,Low,244.57
98.8,Spring,Weekday,No,Standard,Medium,97.42
170.0,Winter,Weekday,Yes,Standard,Medium,263.23
163.51,Summer,Weekend,No,Standard,Medium,220.64
160.37,Autumn,Weekday,No,Standard,Medium,186.03
143.47,Summer,Weekday,Yes,Standard,Medium,207.95
149.3,Summer,Weekday,No,Standard,Medium,170.93
120.17,Summer,Weekend,No,Standard,High,180.17
147.9,Spring,Weekday,Yes,Standard,Low,174.21
99.63,Winter,Weekend,No,Standard,High,146.67
190.78,Winter,Weekday,No,Standard,Medium,240.28
97.87,Winter,Weekend,Yes,Standard,High,186.21
82.74,Winter,Weekend,No,Standard,Medium,114.61
135.44,Autumn,Weekend,No,Standard,High,191.19
168.75,Winter,Weekday,No,Suite,Low,245.46
135.66,Spring,Weekend,No,Standard,High,173.42
111.51,Spring,Weekday,No,Standard,Low,101.91
153.73,Spring,Weekday,No,Standard,High,186.49
122.05,Summer,Weekday,No,Suite,High,208.33
209.93,Summer,Weekend,Yes,Standard,Low,301.84
208.4,Summer,Weekend,No,Standard,Low,249.05
145.36,Winter,Weekend,No,Standard,High,223.25
119.18,Summer,Weekday,No,Standard,Low,122.47
180.57,Summer,Weekday,Yes,Standard,High,294.47
75.51,Summer,Weekend,No,Standard,Low,82.06
141.22,Spring,Weekday,No,Standard,Low,121.72
120.45,Winter,Weekday,No,Suite,High,216.15
208.08,Spring,Weekday,Yes,Standard,Medium,278.77
71.8,Winter,Weekday,No,Standard,High,101.73
152.92,Winter,Weekday,No,Standard,Medium,190.16
181.1,Spring,Weekday,No,Standard,Medium,192.76
142.75,Spring,Weekday,No,Standard,Medium,153.12
82.81,Winter,Weekday,No,Standard,Medium,99.61
215.87,Autumn,Weekend,No,Standard,Medium,266.88
147.7,Autumn,Weekday,No,Suite,Medium,221.21
162.13,Winter,Weekday,No,Suite,Medium,269.98
105.49,Spring,Weekday,No,Standard,Low,95.37
142.52,Summer,Weekday,No,Standard,High,198.28
134.37,Spring,Weekend,No,Suite,Low,179.12
81.23,Winter,Weekend,Yes,Standard,Medium,136.67
85.92,Autumn,Weekday,Yes,Suite,Low,131.68
195.62,Summer,Weekday,No,Standard,Medium,241.84
105.97,Spring,Weekend,No,Standard,Medium,126.17
99.24,Summer,Weekend,No,Standard,Low,123.38
145.74,Summer,Weekday,No,Standard,Low,152.44
185.31,Autumn,Weekday,Yes,Standard,Low,228.59
79.29,Autumn,Weekday,No,Standard,Medium,88.48
156.52,Winter,Weekend,No,Standard,High,240.41
87.88,Summer,Weekday,No,Standard,Low,93.3
75.47,Spring,Weekend,No,Standard,Medium,87.18
77.91,Autumn,Weekday,No,Suite,Medium,115.25
195.12,Winter,Weekday,No,Standard,Medium,249.5
87.7,Autumn,Weekday,No,Suite,High,143.04
76.77,Winter,Weekday,No,Standard,Medium,98.6
135.68,Summer,Weekday,No,Standard,Medium,170.08
196.6,Summer,Weekday,No,Suite,Low,282.87
109.36,Summer,Weekday,No,Standard,Low,112.81
133.26,Spring,Weekend,No,Standard,Low,142.07
75.99,Spring,Weekday,No,Standard,Low,65.17
137.36,Spring,Weekday,No,Standard,Medium,150.7
156.64,Autumn,Weekend,No,Standard,Medium,198.28
155.64,Summer,Weekend,Yes,Suite,Medium,295.85
119.86,Summer,Weekend,No,Standard,Low,143.01
117.33,Winter,Weekend,No,Standard,Low,143.62
85.99,Spring,Weekday,No,Standard,Medium,89.83
125.02,Summer,Weekday,No,Standard,High,176.68
84.92,Winter,Weekend,No,Standard,Low,102.69
184.99,Spring,Weekday,No,Standard,High,222.46
214.94,Spring,Weekday,No,Standard,Medium,232.44
215.51,Summer,Weekend,Yes,Standard,Medium,347.56
199.76,Spring,Weekday,No,Standard,Medium,215.17
160.12,Winter,Weekday,Yes,Standard,Low,224.03
175.13,Winter,Weekday,No,Standard,Low,198.27
112.78,Autumn,Weekday,No,Standard,Medium,118.73
164.62,Winter,Weekday,Yes,Suite,Medium,307.37
138.35,Winter,Weekday,No,Standard,High,194.21
142.3,Spring,Weekend,No,Standard,Medium,172.68
183.67,Winter,Weekday,Yes,Standard,Low,241.13
112.29,Summer,Weekday,No,Standard,Medium,148.31
117.71,Winter,Weekend,No,Standard,Low,148.08
208.7,Winter,Weekend,No,Standard,Medium,292.78
78.43,Summer,Weekend,No,Standard,Medium,110.61
142.85,Spring,Weekend,No,Standard,High,200.79
206.92,Spring,Weekday,No,Standard,High,255.93
161.55,Summer,Weekday,No,Standard,Medium,202.5
151.96,Winter,Weekday,No,Standard,Medium,195.03
107.46,Winter,Weekday,Yes,Standard,High,178.89
121.49,Spring,Weekday,No,Suite,Low,152.39
197.81,Summer,Weekday,No,Suite,Low,277.59
153.88,Summer,Weekend,Yes,Suite,Low,272.7
147.21,Spring,Weekday,Yes,Suite,Low,218.36
84.94,Spring,Weekday,No,Suite,Medium,121.16
72.4,Summer,Weekday,No,Standard,Medium,82.31
214.55,Winter,Weekday,No,Standard,Medium,275.39
126.55,Summer,Weekday,No,Standard,Low,135.26
160.48,Summer,Weekend,Yes,Standard,Medium,257.36
81.96,Autumn,Weekday,No,Standard,Medium,90.53
172.47,Summer,Weekday,Yes,Standard,Medium,267.56
209.89,Winter,Weekday,No,Standard,Medium,274.1
156.35,Winter,Weekend,No,Standard,Medium,213.91
88.92,Summer,Weekday,No,Suite,Low,127.2
157.26,Summer,Weekday,No,Standard,Low,165.84
184.95,Summer,Weekday,No,Standard,High,249.32
130.96,Summer,Weekday,No,Standard,High,174.05
201.98,Spring,Weekend,No,Standard,Medium,244.1
167.3,Autumn,Weekend,No,Suite,Low,238.19
204.89,Summer,Weekday,No,Standard,Medium,255.89
163.53,Spring,Weekend,No,Suite,Medium,257.45
89.69,Summer,Weekend,No,Standard,High,139.13
116.45,Winter,Weekend,No,Standard,Low,140.99
100.27,Spring,Weekend,Yes,Standard,Low,131.25
206.32,Spring,Weekday,No,Standard,Medium,225.36
184.06,Summer,Weekday,No,Standard,Medium,224.5
171.46,Winter,Weekday,Yes,Standard,Low,231.81
115.14,Spring,Weekend,No,Standard,Low,126.18
97.61,Autumn,Weekday,Yes,Suite,Medium,169.78
183.47,Winter,Weekend,No,Standard,High,285.09
141.12,Spring,Weekend,No,Suite,High,235.2
103.87,Autumn,Weekday,No,Standard,Medium,112.5
162.49,Summer,Weekend,No,Standard,Medium,217.08
76.05,Autumn,Weekday,No,Standard,Low,73.27
118.93,Autumn,Weekday,No,Standard,Medium,130.13
140.28,Summer,Weekend,No,Standard,Medium,189.34
92.19,Spring,Weekday,No,Standard,Medium,92.81
217.7,Winter,Weekend,No,Standard,Medium,300.3
101.36,Summer,Weekend,No,Suite,Low,158.78
89.55,Spring,Weekday,Yes,Standard,Low,107.19
100.53,Spring,Weekday,No,Suite,Medium,142.19
185.36,Autumn,Weekday,No,Standard,Low,175.73
133.83,Autumn,Weekday,No,Standard,Low,125.71
154.81,Spring,Weekend,Yes,Standard,High,244.65
73.15,Summer,Weekday,Yes,Standard,Medium,110.84
75.16,Spring,Weekday,No,Standard,Medium,84.89
136.87,Autumn,Weekday,No,Standard,High,171.84
192.5,Spring,Weekday,No,Standard,High,230.24
202.79,Autumn,Weekend,No,Standard,Medium,254.56
83.01,Summer,Weekday,No,Suite,High,139.48
150.75,Winter,Weekend,No,Suite,Medium,261.74
206.98,Spring,Weekday,No,Standard,Medium,228.84
128.2,Summer,Weekend,No,Standard,Medium,176.38
194.43,Spring,Weekday,No,Standard,Medium,210.62
90.05,Winter,Weekday,Yes,Standard,Medium,132.69
210.31,Winter,Weekend,No,Standard,Medium,295.28
182.71,Summer,Weekday,No,Standard,Low,199.75
211.2,Autumn,Weekend,No,Standard,Medium,262.5
171.49,Winter,Weekday,No,Standard,Low,197.47
124.51,Autumn,Weekday,No,Standard,Medium,145.87
210.73,Summer,Weekday,No,Suite,Medium,339.61
111.34,Spring,Weekend,No,Suite,Medium,173.8
119.83,Spring,Weekday,No,Standard,High,148.54
175.12,Winter,Weekday,No,Suite,High,315.62
184.8,Winter,Weekday,No,Suite,Medium,303.01
209.41,Autumn,Weekday,No,Standard,Medium,234.63
100.72,Summer,Weekday,Yes,Standard,Medium,147.27
189.7,Summer,Weekend,No,Standard,Low,226.7
180.78,Autumn,Weekend,No,Suite,Low,255.16
79.57,Winter,Weekend,No,Suite,Low,125.94
128.08,Winter,Weekend,No,Standard,Medium,183.7
112.41,Winter,Weekday,No,Standard,Medium,135.12
115.67,Autumn,Weekend,No,Standard,High,166.92
217.44,Spring,Weekday,Yes,Standard,Low,258.89
166.42,Spring,Weekday,No,Standard,Low,151.27
177.65,Winter,Weekday,Yes,Suite,High,361.03
216.49,Autumn,Weekday,No,Standard,Low,210.01
126.58,Spring,Weekend,No,Suite,Medium,201.12
190.28,Spring,Weekday,No,Suite,Medium,276.03
135.18,Autumn,Weekday,No,Standard,Medium,147.15
200.43,Spring,Weekday,No,Standard,Low,186.74
97.1,Spring,Weekend,No,Standard,Low,100.16
212.15,Summer,Weekday,No,Standard,Low,227.33
102.82,Autumn,Weekday,No,Standard,Medium,113.27
118.93,Autumn,Weekday,Yes,Standard,Medium,171.12
183.43,Spring,Weekend,No,Standard,Low,194.93
129.06,Autumn,Weekday,No,Standard,Medium,142.88
161.23,Spring,Weekday,No,Standard,High,191.36
136.69,Summer,Weekday,No,Standard,Low,144.72
181.36,Autumn,Weekday,No,Standard,Medium,206.67
104.25,Autumn,Weekday,No,Standard,Medium,118.76
78.77,Winter,Weekday,Yes,Standard,Low,112.93
114.99,Autumn,Weekend,No,Standard,Medium,146.9
141.15,Autumn,Weekday,No,Standard,Medium,163.38
95.2,Spring,Weekday,Yes,Standard,High,141.25
123.22,Summer,Weekend,No,Standard,High,178.04
130.0,Summer,Weekday,Yes,Standard,Medium,191.62
78.61,Spring,Weekday,No,Suite,Medium,116.65
157.5,Winter,Weekday,No,Standard,Medium,201.39
202.65,Summer,Weekday,No,Standard,Medium,251.27
92.76,Winter,Weekend,No,Standard,Medium,128.59
159.67,Autumn,Weekday,No,Standard,Low,150.76
169.71,Winter,Weekend,No,Standard,Medium,237.1
132.9,Summer,Weekday,Yes,Standard,Medium,197.93
175.16,Autumn,Weekday,No,Standard,Medium,195.31
131.61,Summer,Weekday,No,Standard,High,179.36
145.7,Spring,Weekday,No,Standard,Low,130.29
71.1,Autumn,Weekday,No,Standard,Medium,84.82
173.76,Summer,Weekend,No,Standard,Low,205.6
169.2,Spring,Weekday,Yes,Suite,High,313.76
75.76,Autumn,Weekend,Yes,Standard,Medium,119.75
125.24,Spring,Weekday,No,Standard,Medium,134.94
216.85,Winter,Weekend,No,Standard,Medium,299.56
133.11,Winter,Weekend,Yes,Standard,Medium,211.29
145.29,Winter,Weekend,No,Standard,High,217.86
206.49,Summer,Weekend,No,Standard,Medium,273.27
177.59,Spring,Weekend,No,Standard,Medium,218.62
157.31,Winter,Weekday,No,Standard,High,223.84
189.67,Summer,Weekday,Yes,Standard,Low,251.92
199.65,Winter,Weekday,No,Standard,Low,214.73
138.53,Winter,Weekend,No,Suite,Medium,237.64
141.27,Winter,Weekday,Yes,Standard,High,239.47
127.91,Summer,Weekend,Yes,Standard,Medium,205.8
215.01,Summer,Weekday,No,Standard,Low,229.47
174.57,Winter,Weekday,No,Standard,Medium,225.71
82.48,Summer,Weekday,No,Standard,Medium,107.99
199.44,Spring,Weekday,No,Standard,Low,182.6
142.08,Autumn,Weekday,No,Standard,Medium,160.83
80.31,Winter,Weekday,No,Standard,High,114.81
152.46,Autumn,Weekday,No,Standard,Medium,181.85
132.57,Autumn,Weekday,No,Standard,Medium,141.41
201.66,Spring,Weekday,No,Suite,Medium,291.11
100.6,Autumn,Weekday,No,Standard,Low,97.12
193.97,Winter,Weekend,No,Standard,High,300.98
153.65,Spring,Weekday,No,Standard,Medium,163.31
78.19,Summer,Weekday,No,Standard,Medium,95.98
215.78,Winter,Weekday,No,Suite,Medium,354.57
146.89,Autumn,Weekday,No,Standard,Medium,178.44
113.63,Autumn,Weekday,No,Standard,Medium,131.63
140.41,Autumn,Weekday,No,Standard,Low,132.81
198.68,Summer,Weekday,No,Standard,High,270.5
115.74,Summer,Weekday,No,Standard,High,156.75
98.9,Winter,Weekday,Yes,Standard,Medium,144.13
89.36,Winter,Weekend,No,Standard,High,136.29
114.68,Winter,Weekend,No,Standard,Low,145.13
187.01,Winter,Weekday,No,Standard,Medium,234.28
140.74,Summer,Weekday,No,Suite,Medium,226.56
104.12,Summer,Weekday,No,Suite,Medium,166.46
94.93,Winter,Weekday,No,Suite,Medium,151.8
119.91,Autumn,Weekend,No,Standard,Medium,149.32
210.99,Autumn,Weekday,No,Standard,Low,211.05
121.45,Winter,Weekday,Yes,Suite,Medium,231.26
218.22,Winter,Weekday,No,Standard,Low,244.44
142.78,Summer,Weekend,No,Standard,Medium,191.8
96.87,Summer,Weekday,No,Suite,Low,137.86
203.67,Spring,Weekday,Yes,Suite,Low,307.53
139.05,Autumn,Weekday,Yes,Standard,Medium,183.47
176.45,Spring,Weekday,No,Standard,Medium,198.73
217.56,Summer,Weekday,No,Standard,High,298.68
77.53,Summer,Weekday,No,Suite,Medium,124.09
84.5,Summer,Weekday,No,Suite,Medium,133.28
178.07,Autumn,Weekday,Yes,Standard,High,267.73
112.27,Spring,Weekday,No,Standard,Medium,120.51
97.65,Spring,Weekday,No,Suite,Low,117.62
75.9,Winter,Weekday,No,Standard,Medium,106.26
73.28,Summer,Weekday,No,Standard,High,95.46
186.17,Spring,Weekend,Yes,Suite,Medium,330.98
90.17,Summer,Weekday,Yes,Standard,Low,117.26
140.16,Winter,Weekday,No,Standard,Low,162.13
160.88,Spring,Weekday,Yes,Standard,Low,188.29
134.25,Autumn,Weekday,Yes,Standard,Medium,180.32
74.07,Spring,Weekend,No,Suite,Medium,119.83
187.53,Spring,Weekday,No,Standard,Low,175.45
71.58,Summer,Weekend,No,Suite,High,133.86
184.28,Summer,Weekday,No,Standard,High,255.33
204.0,Autumn,Weekday,No,Standard,Medium,240.1
134.93,Autumn,Weekend,No,Standard,High,196.29
150.33,Winter,Weekend,No,Standard,Low,183.66
141.55,Summer,Weekend,Yes,Standard,Medium,232.98
128.38,Summer,Weekend,No,Standard,Medium,174.85
203.11,Winter,Weekday,Yes,Standard,High,341.19
204.09,Summer,Weekend,No,Standard,High,297.33
120.37,Summer,Weekday,No,Standard,Low,128.11
162.26,Spring,Weekend,No,Standard,High,214.18
209.04,Spring,Weekday,No,Standard,Low,195.63
214.31,Winter,Weekend,No,Standard,High,334.32
146.34,Winter,Weekday,No,Standard,High,199.5
137.92,Autumn,Weekday,Yes,Standard,Low,168.17
111.8,Summer,Weekday,No,Standard,Medium,142.0
213.83,Spring,Weekend,No,Standard,Low,221.64
91.42,Spring,Weekday,No,Suite,Medium,133.65
156.97,Summer,Weekday,No,Suite,Medium,249.42
112.38,Summer,Weekday,No,Standard,Medium,139.59
111.85,Autumn,Weekday,No,Standard,High,140.96
130.75,Autumn,Weekend,No,Suite,Medium,204.33
219.82,Summer,Weekday,No,Standard,Medium,265.89
78.24,Winter,Weekend,No,Suite,High,150.71
156.78,Autumn,Weekday,No,Suite,High,254.06
82.39,Autumn,Weekday,No,Suite,Low,108.2
93.18,Autumn,Weekend,Yes,Standard,High,151.12
135.93,Summer,Weekday,No,Standard,Low,144.22
146.57,Spring,Weekday,Yes,Standard,High,219.65
108.82,Summer,Weekday,No,Standard,Low,115.1
117.47,Winter,Weekend,Yes,Standard,Low,169.67
83.05,Spring,Weekday,No,Standard,Medium,92.67
115.48,Spring,Weekend,No,Standard,Medium,137.76
214.98,Spring,Weekend,Yes,Suite,Medium,387.09
211.71,Spring,Weekday,No,Standard,Low,201.2
120.23,Winter,Weekday,No,Suite,Medium,195.89
155.63,Autumn,Weekday,No,Suite,High,253.28
206.44,Summer,Weekday,Yes,Standard,Medium,300.82
70.93,Spring,Weekday,No,Standard,Low,64.38
191.6,Summer,Weekday,No,Suite,Medium,305.17
212.26,Summer,Weekday,Yes,Standard,Low,273.96
83.7,Spring,Weekend,Yes,Standard,High,133.89
94.22,Summer,Weekend,No,Standard,High,140.79
214.11,Summer,Weekend,No,Standard,Medium,289.21
150.63,Autumn,Weekday,No,Standard,Medium,174.36
72.13,Autumn,Weekday,No,Standard,High,92.94
108.64,Spring,Weekday,No,Standard,Medium,123.24
137.49,Summer,Weekend,No,Standard,High,200.89
173.94,Autumn,Weekday,Yes,Standard,Medium,240.58
179.97,Summer,Weekend,No,Standard,High,268.49
219.31,Winter,Weekday,No,Standard,Medium,276.44
113.13,Autumn,Weekday,No,Suite,Medium,171.26
150.73,Spring,Weekend,No,Standard,High,211.28
150.0,Spring,Weekday,No,Standard,Medium,161.93
130.85,Autumn,Weekend,Yes,Standard,Medium,198.3
95.37,Spring,Weekend,No,Standard,Low,99.52
216.62,Autumn,Weekday,Yes,Standard,Medium,296.08
198.0,Winter,Weekday,No,Suite,Medium,315.46
144.75,Autumn,Weekday,Yes,Standard,Low,173.77
160.49,Summer,Weekend,Yes,Suite,Low,281.71
104.09,Autumn,Weekday,No,Standard,Medium,124.44
151.57,Summer,Weekday,No,Standard,High,207.19
174.25,Summer,Weekday,No,Standard,Medium,212.94
147.28,Winter,Weekend,No,Suite,Low,237.73
218.54,Summer,Weekday,Yes,Standard,Medium,318.95
161.7,Winter,Weekend,Yes,Standard,Low,237.87
125.65,Winter,Weekend,No,Standard,Medium,176.18
185.82,Spring,Weekday,No,Standard,Low,175.07
95.57,Spring,Weekday,No,Standard,Low,89.93
127.68,Spring,Weekend,No,Standard,Low,133.78
122.04,Spring,Weekday,No,Standard,Medium,132.12
134.77,Spring,Weekend,No,Standard,Low,141.76
187.27,Autumn,Weekday,No,Standard,Medium,212.42
142.63,Spring,Weekday,No,Suite,Medium,199.84
189.1,Summer,Weekend,No,Suite,Medium,321.65
156.47,Winter,Weekday,No,Suite,Medium,250.75
121.31,Spring,Weekday,No,Standard,High,148.32
191.5,Winter,Weekday,No,Standard,Low,212.56
105.74,Summer,Weekday,No,Standard,Medium,140.22
103.66,Spring,Weekday,No,Standard,Low,95.21
145.68,Autumn,Weekday,No,Standard,Low,135.69
109.13,Autumn,Weekend,No,Standard,Medium,135.88
71.36,Winter,Weekday,No,Standard,Medium,93.42
167.24,Autumn,Weekday,No,Standard,High,219.09
146.66,Winter,Weekday,No,Suite,Medium,236.7
136.83,Summer,Weekend,No,Standard,High,197.55
215.05,Spring,Weekday,No,Standard,Low,201.11
155.68,Winter,Weekend,No,Standard,Low,187.52
199.51,Winter,Weekday,No,Standard,Low,221.71
90.92,Winter,Weekday,No,Standard,Low,100.8
155.38,Summer,Weekday,Yes,Suite,Medium,284.07
200.2,Summer,Weekday,No,Suite,Medium,319.07
157.47,Winter,Weekday,Yes,Standard,Low,213.0
177.7,Summer,Weekday,No,Suite,High,304.55
125.81,Winter,Weekend,No,Suite,High,237.72
83.87,Winter,Weekday,Yes,Suite,Low,144.85
138.69,Summer,Weekday,Yes,Suite,Low,232.0
129.17,Winter,Weekday,No,Standard,Low,146.41
200.06,Winter,Weekend,No,Standard,Low,251.45
106.6,Spring,Weekday,No,Standard,Low,99.64
215.01,Winter,Weekday,Yes,Standard,Medium,330.78
213.72,Summer,Weekday,No,Suite,Low,297.15
107.14,Winter,Weekend,No,Standard,Medium,150.2
122.21,Summer,Weekday,No,Standard,High,169.35
204.33,Winter,Weekday,No,Suite,Medium,335.97
214.99,Summer,Weekend,No,Suite,High,392.81
136.52,Spring,Weekend,No,Suite,Low,187.13
118.15,Winter,Weekday,No,Standard,Medium,148.94
148.91,Spring,Weekend,No,Standard,Medium,180.84
173.17,Summer,Weekday,No,Standard,Low,189.43
111.02,Winter,Weekday,Yes,Standard,Low,150.47
180.47,Winter,Weekday,No,Standard,Medium,234.63
77.75,Autumn,Weekday,Yes,Standard,Medium,107.79
77.39,Autumn,Weekday,No,Suite,Medium,114.04
127.94,Summer,Weekend,No,Standard,Medium,171.87
123.02,Summer,Weekday,No,Standard,Medium,154.3
117.34,Summer,Weekday,Yes,Standard,Low,156.19
143.65,Autumn,Weekday,Yes,Standard,Medium,207.34
118.11,Winter,Weekend,No,Standard,Low,143.05
98.84,Winter,Weekday,Yes,Suite,Low,172.08
116.42,Winter,Weekday,Yes,Standard,High,192.3
216.24,Spring,Weekday,No,Suite,Medium,305.75
131.67,Summer,Weekday,No,Standard,Medium,161.91
136.71,Spring,Weekend,No,Suite,Medium,212.45
156.48,Summer,Weekend,No,Standard,Medium,222.92
217.5,Summer,Weekday,Yes,Standard,Low,286.36
106.24,Winter,Weekend,No,Standard,Low,127.22
172.19,Summer,Weekday,No,Suite,Low,245.6
177.4,Spring,Weekend,No,Standard,High,229.42
161.1,Spring,Weekday,No,Standard,Medium,173.62
83.29,Winter,Weekday,No,Suite,Medium,135.83
171.53,Autumn,Weekday,No,Suite,Medium,257.04
79.61,Spring,Weekday,No,Standard,High,101.02
159.42,Spring,Weekday,No,Standard,Low,144.65
180.94,Autumn,Weekday,No,Standard,Low,174.91
101.65,Spring,Weekday,No,Standard,Medium,106.72
196.24,Winter,Weekend,No,Standard,High,297.7
74.55,Autumn,Weekday,No,Suite,High,122.01
196.57,Spring,Weekday,Yes,Suite,Low,293.69
139.05,Spring,Weekend,No,Standard,High,184.67
102.64,Winter,Weekday,No,Standard,High,141.77
90.07,Summer,Weekday,No,Standard,Low,98.57
213.0,Summer,Weekday,No,Suite,Medium,343.75
80.9,Winter,Weekend,No,Suite,Medium,136.37
99.86,Winter,Weekday,No,Standard,High,134.39
122.17,Winter,Weekday,No,Suite,Low,179.09
163.04,Winter,Weekend,Yes,Standard,High,291.9
151.72,Summer,Weekend,Yes,Standard,Medium,243.63
88.85,Spring,Weekday,No,Standard,Medium,94.17
113.46,Winter,Weekday,No,Standard,Medium,144.43
105.81,Autumn,Weekday,No,Standard,Medium,121.04
102.03,Summer,Weekend,No,Standard,High,156.19
131.67,Winter,Weekday,No,Standard,High,179.15
175.6,Spring,Weekday,No,Suite,High,274.22
102.62,Summer,Weekend,Yes,Standard,Low,148.63
125.0,Spring,Weekday,No,Standard,Medium,131.33
128.64,Summer,Weekday,No,Standard,Low,144.57
216.47,Spring,Weekday,No,Standard,Medium,231.25
213.2,Spring,Weekday,No,Standard,Medium,230.09
190.02,Spring,Weekday,No,Standard,Medium,207.45
106.25,Autumn,Weekday,No,Standard,Medium,117.7
80.21,Autumn,Weekday,No,Standard,High,94.48
117.54,Autumn,Weekday,No,Standard,Low,112.3
110.02,Winter,Weekend,No,Standard,Medium,158.15
145.89,Summer,Weekday,No,Standard,Medium,178.1
186.66,Summer,Weekend,No,Standard,Low,218.74
198.75,Winter,Weekday,Yes,Standard,Low,275.99
196.73,Spring,Weekend,No,Suite,High,331.15
123.95,Winter,Weekend,No,Standard,High,188.84
173.09,Spring,Weekday,No,Standard,High,211.77
116.93,Winter,Weekend,No,Suite,High,224.08
79.14,Spring,Weekend,No,Standard,Low,91.83
175.23,Winter,Weekday,No,Standard,Medium,227.6
71.47,Summer,Weekday,No,Suite,Medium,117.56
131.38,Winter,Weekday,No,Suite,Medium,212.13
119.41,Spring,Weekend,Yes,Suite,Medium,210.83
174.01,Autumn,Weekend,No,Standard,Medium,217.76
184.94,Winter,Weekend,Yes,Standard,Medium,305.58
115.61,Summer,Weekday,No,Standard,Medium,137.89
191.74,Autumn,Weekend,No,Standard,Low,208.3
114.09,Autumn,Weekday,No,Standard,Medium,130.52
136.95,Summer,Weekday,No,Standard,Medium,169.89
179.05,Autumn,Weekday,Yes,Suite,Medium,311.77
173.94,Autumn,Weekday,No,Standard,Low,169.89
218.11,Winter,Weekday,No,Standard,Medium,277.15
103.77,Spring,Weekday,No,Standard,Low,93.41
169.35,Summer,Weekday,No,Standard,Medium,203.5
161.45,Winter,Weekday,No,Standard,High,236.4
207.26,Winter,Weekday,No,Standard,Medium,265.35
93.45,Summer,Weekday,No,Standard,Low,99.09
182.77,Autumn,Weekday,No,Standard,Medium,202.81
155.24,Summer,Weekday,No,Suite,Medium,257.02
111.2,Spring,Weekday,No,Suite,High,170.29
141.17,Summer,Weekday,No,Standard,Medium,171.92
120.07,Summer,Weekday,No,Standard,Medium,149.35
156.9,Autumn,Weekday,No,Suite,Medium,234.61
203.35,Spring,Weekday,No,Suite,Low,262.09
155.4,Winter,Weekday,No,Standard,Low,181.28
164.76,Winter,Weekend,No,Standard,Medium,232.69
147.81,Autumn,Weekday,No,Standard,Medium,162.8
77.67,Summer,Weekday,No,Suite,Medium,121.69
104.93,Summer,Weekday,No,Suite,Low,150.23
143.8,Winter,Weekday,No,Standard,Low,169.33
116.54,Autumn,Weekday,No,Suite,Medium,166.89
97.26,Spring,Weekday,Yes,Standard,Low,118.6
145.62,Winter,Weekday,No,Suite,Medium,238.08
118.42,Winter,Weekday,No,Standard,Low,135.98
108.72,Winter,Weekday,No,Suite,Medium,176.81
139.6,Autumn,Weekend,No,Standard,High,190.67
89.99,Autumn,Weekend,Yes,Standard,Low,123.59
209.16,Summer,Weekend,No,Standard,Medium,284.98
200.16,Winter,Weekend,No,Suite,Low,322.14
176.14,Winter,Weekday,No,Suite,Medium,287.05
85.93,Spring,Weekday,No,Suite,Medium,120.48
186.38,Spring,Weekday,No,Suite,Medium,260.29
191.19,Summer,Weekday,Yes,Standard,Medium,286.24
185.16,Winter,Weekend,No,Standard,High,286.84
87.09,Winter,Weekday,No,Standard,Low,93.68
166.59,Spring,Weekend,No,Standard,Low,171.1
195.15,Autumn,Weekday,No,Standard,High,245.97
156.6,Summer,Weekend,Yes,Standard,Medium,244.63
166.96,Winter,Weekday,No,Standard,High,233.81
138.75,Winter,Weekday,No,Standard,Medium,173.06
149.31,Winter,Weekday,No,Standard,High,210.37
75.16,Summer,Weekday,No,Standard,Medium,89.49
165.84,Summer,Weekday,No,Suite,Medium,255.52
82.22,Summer,Weekday,No,Suite,High,149.51
135.25,Spring,Weekend,Yes,Suite,Medium,248.46
113.9,Winter,Weekday,No,Standard,Low,124.45
151.81,Winter,Weekday,No,Standard,Low,171.12
90.01,Winter,Weekday,No,Suite,Low,133.98
173.75,Winter,Weekend,No,Standard,Low,220.21
189.25,Autumn,Weekday,Yes,Standard,Medium,257.89
94.5,Winter,Weekday,No,Standard,Medium,125.33
85.65,Winter,Weekday,No,Standard,Medium,107.44
91.83,Winter,Weekday,No,Standard,Medium,112.2
201.57,Spring,Weekday,Yes,Standard,Medium,270.98
149.23,Summer,Weekday,No,Standard,Low,164.84
140.09,Spring,Weekday,No,Standard,Low,139.23
86.01,Winter,Weekend,No,Standard,Low,101.85
167.43,Autumn,Weekday,No,Suite,Medium,250.59
200.2,Spring,Weekday,No,Standard,Low,182.54
194.23,Autumn,Weekday,No,Standard,Low,191.54
163.91,Autumn,Weekend,Yes,Suite,Medium,297.35
81.29,Summer,Weekday,No,Standard,High,106.32
86.86,Spring,Weekend,Yes,Standard,Low,108.95
77.4,Autumn,Weekday,No,Standard,Medium,87.78
108.62,Summer,Weekday,No,Standard,Medium,131.04
90.35,Winter,Weekday,Yes,Standard,High,153.52
109.01,Summer,Weekend,No,Suite,High,204.69
127.76,Winter,Weekday,Yes,Standard,Low,177.43
211.45,Autumn,Weekend,No,Standard,Low,236.96
161.56,Autumn,Weekend,No,Standard,High,226.23
195.25,Winter,Weekday,Yes,Standard,Medium,293.86
176.55,Summer,Weekday,No,Standard,Medium,222.61
86.88,Spring,Weekday,No,Standard,Medium,91.41
180.39,Spring,Weekday,No,Standard,Medium,198.46
111.26,Winter,Weekend,Yes,Standard,High,205.45
165.87,Autumn,Weekend,No,Standard,High,232.39
121.14,Autumn,Weekday,No,Standard,Medium,130.9
219.65,Spring,Weekday,No,Suite,Low,275.28
109.53,Spring,Weekend,Yes,Standard,High,179.44
111.87,Spring,Weekday,Yes,Standard,Low,130.21
209.6,Summer,Weekend,No,Standard,Low,249.74
73.7,Autumn,Weekday,No,Standard,High,96.63
174.5,Summer,Weekday,No,Standard,Low,189.5
178.8,Summer,Weekday,No,Standard,Low,192.43
195.46,Winter,Weekday,No,Suite,Low,286.49
216.17,Summer,Weekday,No,Suite,High,370.56
216.34,Summer,Weekday,No,Standard,Medium,269.53
79.79,Winter,Weekday,No,Standard,Medium,104.35
193.28,Summer,Weekend,No,Suite,Low,296.62
166.95,Autumn,Weekend,No,Suite,High,294.82
167.1,Winter,Weekday,No,Suite,High,295.25
89.25,Winter,Weekday,No,Standard,Medium,110.83
167.53,Spring,Weekday,No,Standard,Medium,177.9
217.37,Winter,Weekday,No,Standard,Low,239.54
206.77,Summer,Weekday,No,Standard,High,282.19
135.87,Summer,Weekday,No,Standard,Medium,172.05
75.99,Summer,Weekday,Yes,Standard,High,119.88
124.34,Winter,Weekday,No,Suite,Medium,203.43
193.96,Summer,Weekday,No,Standard,High,263.1
175.22,Summer,Weekday,No,Suite,High,300.34
138.9,Autumn,Weekend,No,Standard,Medium,167.58
78.27,Spring,Weekday,No,Standard,High,94.61
134.03,Spring,Weekday,Yes,Standard,Medium,177.49
140.35,Spring,Weekday,No,Suite,Low,180.41
209.28,Spring,Weekday,No,Standard,Medium,226.92
166.16,Spring,Weekend,No,Standard,Medium,194.6
116.75,Spring,Weekday,No,Suite,Medium,171.29
148.8,Autumn,Weekend,No,Standard,Low,163.03
79.91,Spring,Weekday,No,Standard,Medium,87.1
215.89,Summer,Weekday,No,Standard,Medium,265.51
124.01,Winter,Weekend,Yes,Standard,Medium,202.55
141.68,Summer,Weekday,No,Standard,Medium,175.14
123.29,Autumn,Weekday,No,Standard,Medium,141.22
172.38,Spring,Weekday,No,Standard,Low,151.6
169.33,Spring,Weekday,No,Standard,Medium,180.72
177.3,Spring,Weekend,Yes,Standard,Low,227.7
110.22,Spring,Weekday,No,Standard,Low,102.43
117.35,Summer,Weekday,Yes,Standard,High,194.88
88.79,Spring,Weekday,No,Standard,High,105.24
168.33,Spring,Weekday,No,Standard,Medium,179.8
75.97,Spring,Weekday,Yes,Standard,High,109.63
159.65,Summer,Weekday,No,Standard,High,215.51
200.45,Spring,Weekday,Yes,Suite,High,363.43
203.62,Summer,Weekend,No,Standard,Low,245.39
137.36,Summer,Weekday,No,Suite,High,232.04
138.9,Autumn,Weekday,Yes,Suite,Medium,242.01
81.55,Spring,Weekend,No,Standard,Medium,91.05
170.61,Winter,Weekday,Yes,Standard,Low,231.49
193.19,Autumn,Weekday,No,Standard,Medium,216.99
106.7,Spring,Weekday,No,Suite,Low,142.21
133.2,Winter,Weekday,No,Standard,Low,148.08
195.83,Winter,Weekday,Yes,Standard,Medium,290.81
201.57,Spring,Weekend,No,Standard,High,262.11
106.48,Summer,Weekday,No,Suite,High,183.28
152.59,Winter,Weekday,No,Suite,Medium,251.18
98.87,Autumn,Weekend,No,Standard,High,138.93
85.28,Spring,Weekday,No,Standard,High,104.71
206.67,Spring,Weekday,No,Standard,High,256.79
193.08,Summer,Weekday,No,Standard,Low,204.44
184.01,Summer,Weekend,No,Suite,Medium,316.4
77.31,Autumn,Weekday,No,Standard,High,91.66
196.56,Summer,Weekday,No,Standard,Medium,238.15
135.71,Summer,Weekday,Yes,Standard,Medium,193.62
121.36,Autumn,Weekday,No,Suite,Medium,178.51
151.97,Spring,Weekday,No,Suite,Medium,217.13
83.7,Summer,Weekday,No,Standard,Medium,103.41
183.5,Autumn,Weekend,No,Suite,Low,264.49
157.37,Winter,Weekday,No,Standard,Medium,197.72
97.99,Summer,Weekday,Yes,Standard,High,157.98
98.23,Summer,Weekend,Yes,Standard,High,164.93
97.64,Spring,Weekend,No,Standard,Low,107.0
78.55,Summer,Weekday,No,Standard,High,106.4
158.17,Summer,Weekday,No,Suite,Medium,247.95
196.05,Spring,Weekday,No,Standard,Medium,218.09
72.62,Summer,Weekend,No,Standard,High,103.23
77.35,Summer,Weekend,No,Standard,High,110.75
155.92,Spring,Weekday,No,Standard,High,185.84
192.92,Summer,Weekend,Yes,Suite,Medium,375.92
119.01,Spring,Weekday,No,Standard,High,146.92
122.44,Summer,Weekday,No,Standard,Low,133.97
159.45,Spring,Weekday,Yes,Suite,Medium,278.16
111.13,Winter,Weekend,No,Standard,Medium,146.58
73.99,Autumn,Weekday,No,Standard,Medium,86.04
180.28,Autumn,Weekend,No,Standard,Low,194.28
163.85,Winter,Weekend,No,Standard,High,249.98
157.11,Summer,Weekend,No,Suite,Low,239.47
181.25,Spring,Weekday,No,Suite,Low,226.55
171.28,Summer,Weekday,No,Standard,Medium,217.41
100.88,Autumn,Weekday,No,Suite,Medium,152.67
122.87,Autumn,Weekday,Yes,Standard,High,186.86
88.92,Summer,Weekday,No,Standard,Medium,114.78
89.48,Spring,Weekend,No,Standard,Low,87.01
171.43,Summer,Weekday,No,Standard,High,229.54
198.79,Summer,Weekday,No,Standard,Medium,235.8
214.41,Autumn,Weekday,No,Standard,Low,205.18
164.25,Autumn,Weekday,No,Suite,Medium,243.74
97.62,Summer,Weekday,No,Standard,Medium,120.48
85.85,Winter,Weekday,No,Standard,Medium,110.49
191.93,Autumn,Weekend,No,Standard,Medium,234.27
156.81,Spring,Weekday,No,Standard,High,194.52
162.74,Spring,Weekend,No,Standard,High,219.03
187.22,Spring,Weekend,No,Standard,Medium,227.6
175.49,Spring,Weekday,Yes,Suite,Low,259.17
195.17,Spring,Weekend,No,Standard,High,262.77
78.43,Spring,Weekday,No,Standard,Medium,79.95
182.13,Summer,Weekend,No,Standard,Medium,244.29
197.63,Spring,Weekday,No,Standard,Medium,215.58
112.92,Winter,Weekend,No,Standard,High,174.26
166.07,Spring,Weekend,No,Standard,Medium,195.88
117.12,Summer,Weekend,Yes,Standard,Low,168.68
213.7,Summer,Weekend,No,Standard,Medium,282.37
75.01,Winter,Weekday,No,Standard,High,111.12
156.97,Spring,Weekday,No,Standard,Low,143.59
94.98,Summer,Weekday,Yes,Standard,High,158.34
176.83,Winter,Weekday,Yes,Suite,Medium,330.33
96.38,Winter,Weekday,No,Standard,Medium,121.27
105.31,Winter,Weekday,No,Suite,Low,151.75
144.16,Summer,Weekend,No,Standard,Low,175.06
207.23,Spring,Weekday,Yes,Suite,High,374.32
101.76,Autumn,Weekend,No,Standard,Low,113.5
91.64,Winter,Weekday,No,Standard,High,128.6
183.85,Autumn,Weekend,Yes,Standard,Medium,267.87
145.09,Autumn,Weekend,Yes,Suite,Low,242.92
206.77,Summer,Weekday,No,Standard,Low,216.53
91.99,Winter,Weekday,No,Standard,Medium,117.88
166.89,Spring,Weekend,No,Standard,High,218.87
104.93,Summer,Weekday,No,Suite,Medium,169.49
93.51,Summer,Weekday,No,Standard,Medium,114.65
172.51,Summer,Weekday,Yes,Suite,Medium,314.98
159.05,Spring,Weekday,No,Standard,Medium,174.4
183.22,Spring,Weekday,No,Standard,Medium,201.73
116.42,Autumn,Weekday,No,Standard,High,147.77
137.2,Summer,Weekday,No,Suite,Medium,213.69
130.82,Autumn,Weekday,No,Standard,Medium,140.73
217.61,Spring,Weekend,No,Suite,Low,299.73
113.84,Summer,Weekday,No,Standard,High,153.49
114.22,Summer,Weekend,No,Standard,Low,136.35
123.18,Spring,Weekday,No,Standard,Low,111.95
154.69,Summer,Weekday,Yes,Standard,Medium,231.69
107.85,Spring,Weekday,Yes,Suite,Medium,178.74
207.29,Spring,Weekday,No,Suite,Medium,296.2
109.85,Winter,Weekday,No,Suite,Medium,183.79
204.37,Summer,Weekday,Yes,Standard,High,332.45
85.52,Winter,Weekday,No,Standard,Low,95.54
168.48,Summer,Weekday,Yes,Standard,High,270.53
206.05,Autumn,Weekday,No,Suite,Medium,302.42
95.31,Winter,Weekday,No,Standard,Medium,118.59
215.25,Autumn,Weekday,No,Standard,Medium,241.07
137.93,Summer,Weekend,No,Standard,Low,167.16
211.86,Summer,Weekday,No,Standard,High,289.36
171.52,Summer,Weekday,Yes,Suite,Medium,308.48
115.24,Winter,Weekend,No,Standard,Medium,168.41
98.25,Winter,Weekday,No,Standard,Medium,127.04
115.56,Winter,Weekday,No,Standard,High,158.47
83.95,Spring,Weekend,No,Standard,Medium,98.97
91.58,Autumn,Weekday,Yes,Standard,High,139.65
85.7,Winter,Weekday,No,Standard,Medium,116.51
133.44,Spring,Weekday,No,Suite,Low,165.04
189.34,Spring,Weekday,No,Suite,Low,244.37
91.21,Autumn,Weekday,No,Standard,Medium,108.67
89.55,Autumn,Weekday,No,Standard,Low,84.35
166.51,Winter,Weekday,No,Suite,Low,243.66
99.58,Spring,Weekday,Yes,Standard,High,142.24
84.64,Winter,Weekend,No,Standard,High,129.53
95.03,Spring,Weekend,No,Standard,Medium,113.89
208.56,Spring,Weekday,No,Standard,Low,194.51
193.22,Spring,Weekday,No,Standard,Low,182.12
123.11,Winter,Weekday,No,Suite,Low,177.98
168.37,Autumn,Weekday,Yes,Standard,Medium,224.48
150.59,Summer,Weekday,No,Standard,High,206.22
171.57,Summer,Weekday,No,Standard,Medium,212.21
172.4,Winter,Weekend,No,Standard,Low,214.77
164.31,Summer,Weekday,No,Standard,Medium,200.79
109.92,Winter,Weekday,No,Suite,Medium,179.67
75.85,Summer,Weekday,No,Suite,Medium,125.9
138.34,Summer,Weekday,Yes,Standard,Medium,206.27
203.65,Summer,Weekend,No,Suite,Medium,344.71
155.42,Summer,Weekend,No,Suite,Low,237.35
194.86,Autumn,Weekend,Yes,Suite,Low,328.63
218.74,Summer,Weekday,Yes,Standard,High,360.91
94.54,Spring,Weekday,No,Standard,Low,86.24
173.77,Winter,Weekday,No,Standard,Low,194.54
171.14,Summer,Weekday,No,Standard,Low,181.19
216.99,Summer,Weekday,Yes,Standard,Low,290.82
217.84,Winter,Weekend,No,Standard,Medium,312.82
173.0,Autumn,Weekday,No,Suite,High,282.06
106.54,Spring,Weekday,No,Suite,Medium,152.68
189.78,Winter,Weekday,No,Suite,Medium,309.49
86.05,Autumn,Weekday,No,Standard,Medium,87.7
187.1,Summer,Weekday,No,Standard,Medium,233.11
206.53,Spring,Weekend,No,Standard,High,277.29
127.43,Winter,Weekend,No,Standard,High,197.96
164.6,Autumn,Weekend,No,Standard,Low,176.57
134.52,Summer,Weekday,No,Standard,High,182.75
135.66,Winter,Weekday,No,Standard,Medium,172.0
116.56,Winter,Weekday,Yes,Suite,High,239.54
184.32,Spring,Weekday,Yes,Standard,Medium,243.63
210.43,Summer,Weekend,Yes,Standard,High,374.48
211.11,Spring,Weekday,No,Standard,High,259.28
96.22,Autumn,Weekday,No,Standard,Low,88.23
201.21,Spring,Weekday,Yes,Standard,Medium,267.1
180.61,Autumn,Weekday,No,Standard,High,226.77
107.93,Winter,Weekend,No,Standard,High,157.43
80.09,Winter,Weekday,No,Standard,Low,96.1
110.2,Summer,Weekday,No,Standard,Medium,138.36
206.83,Winter,Weekday,No,Standard,Medium,266.88
164.98,Spring,Weekday,Yes,Standard,Low,193.69
178.16,Winter,Weekend,No,Suite,Medium,306.25
108.57,Spring,Weekend,No,Standard,Low,110.98
177.91,Summer,Weekend,No,Standard,High,268.45
74.22,Winter,Weekend,No,Standard,Medium,99.7
126.3,Spring,Weekday,No,Suite,High,188.16
164.01,Spring,Weekday,Yes,Suite,Low,248.39
91.91,Autumn,Weekday,Yes,Standard,Medium,126.27
193.45,Autumn,Weekday,No,Standard,Low,188.19
105.25,Autumn,Weekend,No,Suite,Low,154.47
167.84,Autumn,Weekday,Yes,Standard,Low,207.32
130.78,Summer,Weekend,No,Standard,Low,156.66
159.41,Summer,Weekday,No,Standard,Medium,200.86
86.12,Summer,Weekday,No,Suite,Low,116.21
72.54,Spring,Weekday,No,Suite,Medium,105.75
206.43,Winter,Weekend,No,Standard,Medium,291.51
110.44,Autumn,Weekday,No,Standard,High,135.3
192.95,Summer,Weekday,Yes,Standard,High,306.57
219.9,Summer,Weekday,No,Standard,Medium,267.49
101.71,Winter,Weekday,No,Suite,Medium,163.14
109.78,Spring,Weekday,No,Standard,Low,104.01
169.43,Autumn,Weekend,No,Standard,High,233.05
214.82,Summer,Weekday,No,Standard,Low,226.43
207.37,Autumn,Weekday,No,Standard,Low,198.7
145.43,Spring,Weekday,No,Standard,Low,138.27
189.27,Winter,Weekday,No,Standard,Medium,242.32
90.36,Winter,Weekend,Yes,Standard,Low,133.92
216.62,Autumn,Weekday,No,Standard,High,274.67
214.65,Autumn,Weekday,No,Standard,Low,213.38
94.56,Winter,Weekday,Yes,Standard,Medium,141.68
114.91,Autumn,Weekend,No,Standard,Low,130.51
85.02,Spring,Weekend,No,Suite,Low,119.02
110.76,Autumn,Weekday,No,Suite,High,178.79
192.39,Autumn,Weekday,No,Suite,Low,263.96
126.75,Summer,Weekday,No,Standard,High,169.42
83.26,Autumn,Weekend,No,Suite,Medium,131.8
121.33,Winter,Weekday,No,Standard,Low,130.96
217.21,Winter,Weekday,Yes,Standard,High,366.55
164.45,Summer,Weekday,No,Standard,Low,182.72
132.42,Spring,Weekday,No,Standard,High,168.23
94.98,Winter,Weekday,No,Standard,Low,111.27
217.93,Winter,Weekend,No,Standard,High,334.82
193.13,Spring,Weekday,No,Standard,Low,176.22
112.22,Winter,Weekday,Yes,Standard,Medium,165.01
80.51,Winter,Weekday,No,Standard,High,122.47
78.49,Summer,Weekend,No,Standard,High,118.83
88.06,Autumn,Weekday,No,Standard,High,109.87
157.12,Summer,Weekend,Yes,Suite,High,333.69
209.31,Spring,Weekday,Yes,Suite,High,377.05
144.51,Summer,Weekday,No,Standard,Low,156.25
196.44,Winter,Weekday,No,Standard,Low,219.32
136.88,Spring,Weekday,No,Standard,Low,128.48
176.29,Summer,Weekday,No,Suite,Medium,278.28
179.78,Summer,Weekend,No,Standard,Medium,236.9
96.09,Summer,Weekday,No,Standard,Medium,118.49
124.18,Winter,Weekday,No,Standard,Low,143.28
165.6,Summer,Weekday,No,Standard,Medium,203.57
80.6,Summer,Weekend,Yes,Standard,Low,119.16
124.23,Autumn,Weekend,No,Suite,Medium,194.59
150.22,Summer,Weekday,Yes,Standard,Medium,222.22
219.43,Spring,Weekend,No,Standard,High,291.54
141.18,Summer,Weekday,No,Suite,Medium,226.05
192.41,Spring,Weekday,Yes,Suite,Medium,323.37
134.81,Spring,Weekend,No,Standard,Low,142.96
189.46,Summer,Weekend,No,Standard,Medium,260.12
159.31,Summer,Weekday,No,Standard,Low,173.23
202.99,Winter,Weekday,No,Suite,Medium,331.97
131.64,Summer,Weekday,Yes,Standard,Medium,190.83
160.65,Autumn,Weekend,No,Suite,Low,231.32
164.5,Autumn,Weekday,No,Standard,Low,157.43
132.61,Spring,Weekday,No,Standard,High,160.41
91.65,Autumn,Weekday,No,Standard,High,114.9
84.03,Spring,Weekday,No,Standard,Medium,86.83
72.5,Winter,Weekday,No,Standard,Low,73.37
201.03,Spring,Weekend,No,Standard,Low,206.4
105.47,Summer,Weekday,No,Standard,Medium,130.5
101.73,Spring,Weekday,No,Suite,High,154.32
180.41,Winter,Weekday,No,Standard,Low,202.12
118.0,Summer,Weekend,No,Standard,High,183.42
145.91,Autumn,Weekday,No,Standard,Low,145.62
94.38,Spring,Weekday,No,Standard,High,121.72
213.96,Autumn,Weekend,No,Standard,Medium,269.01
197.74,Spring,Weekend,Yes,Standard,High,319.08
199.57,Winter,Weekend,No,Suite,Medium,346.35
131.02,Spring,Weekend,Yes,Standard,Medium,187.4
184.35,Spring,Weekday,No,Standard,Low,158.65
91.58,Spring,Weekend,No,Standard,Low,99.99
71.29,Summer,Weekday,Yes,Standard,High,121.65
73.0,Autumn,Weekend,Yes,Standard,High,117.51
157.99,Spring,Weekend,Yes,Suite,High,305.48
138.31,Winter,Weekend,No,Suite,Medium,239.03
147.7,Summer,Weekday,No,Standard,High,203.88
71.12,Summer,Weekday,No,Standard,Low,80.6
133.4,Summer,Weekday,No,Standard,Medium,157.11
177.71,Summer,Weekend,No,Standard,Medium,241.55
136.4,Autumn,Weekend,No,Standard,Medium,169.39
179.83,Spring,Weekday,No,Standard,Medium,194.67
104.95,Spring,Weekday,No,Standard,Low,98.39
191.97,Winter,Weekday,No,Standard,Medium,244.97
158.26,Winter,Weekend,No,Standard,High,243.31
101.61,Summer,Weekend,No,Standard,Medium,136.32
105.51,Summer,Weekday,No,Standard,Low,116.78
164.2,Autumn,Weekday,No,Standard,Low,160.95
194.49,Summer,Weekend,No,Suite,Low,300.4
132.34,Spring,Weekend,No,Standard,Low,132.55
108.75,Spring,Weekday,No,Standard,Medium,115.94
200.05,Autumn,Weekday,No,Standard,Medium,229.65
170.39,Autumn,Weekday,No,Suite,Medium,252.33
137.21,Spring,Weekday,No,Standard,Medium,150.82
143.19,Spring,Weekday,Yes,Standard,High,217.56
100.64,Spring,Weekday,No,Standard,Low,96.74
164.02,Autumn,Weekend,No,Standard,Medium,205.4
123.81,Spring,Weekday,No,Suite,High,192.34
219.35,Spring,Weekend,Yes,Standard,Low,272.75
142.03,Winter,Weekday,Yes,Suite,Low,243.62
142.88,Spring,Weekday,No,Suite,High,223.02
154.88,Autumn,Weekday,No,Suite,Medium,230.78
207.51,Spring,Weekday,No,Standard,Medium,223.5
190.12,Spring,Weekend,No,Standard,Low,196.44
137.67,Spring,Weekend,No,Standard,Medium,158.09
177.8,Autumn,Weekday,No,Suite,Medium,259.38
157.94,Winter,Weekday,No,Standard,Low,178.8
143.86,Winter,Weekend,No,Standard,Medium,208.27
98.85,Summer,Weekday,No,Standard,Low,105.38
139.59,Autumn,Weekday,Yes,Standard,Medium,193.95
106.87,Spring,Weekend,No,Suite,Low,152.36
207.23,Summer,Weekday,No,Standard,Low,218.49
120.31,Winter,Weekday,No,Suite,Low,178.32
212.84,Spring,Weekday,No,Standard,Low,192.85
149.96,Spring,Weekend,Yes,Suite,High,294.38
164.73,Spring,Weekday,Yes,Standard,Low,193.34
151.44,Spring,Weekday,No,Standard,Medium,164.75
89.41,Spring,Weekend,Yes,Suite,Low,143.5
126.37,Autumn,Weekday,No,Standard,Medium,145.63
84.87,Summer,Weekend,No,Suite,High,164.5
163.44,Winter,Weekday,Yes,Standard,Low,219.88
137.03,Winter,Weekend,No,Standard,High,209.67
186.7,Summer,Weekday,No,Standard,Low,200.7
103.07,Summer,Weekday,No,Standard,Medium,129.92
94.68,Summer,Weekday,No,Standard,Medium,114.22
130.95,Autumn,Weekday,No,Standard,High,154.97
208.99,Summer,Weekend,Yes,Standard,Medium,339.82
176.56,Autumn,Weekend,No,Standard,Medium,223.74
132.84,Summer,Weekday,No,Suite,Low,181.66
147.59,Autumn,Weekday,No,Suite,Low,192.39
82.63,Summer,Weekend,No,Standard,High,129.39
217.69,Summer,Weekend,No,Standard,Medium,299.67
169.96,Winter,Weekday,No,Standard,Medium,221.3
112.81,Winter,Weekday,No,Standard,High,159.49
157.87,Spring,Weekday,No,Suite,Medium,226.09
86.42,Winter,Weekday,No,Suite,High,152.44
214.88,Summer,Weekday,No,Standard,Medium,268.82
96.22,Winter,Weekday,No,Suite,Medium,153.34
167.2,Winter,Weekday,Yes,Standard,High,276.0
106.82,Summer,Weekend,No,Suite,Low,168.54
177.63,Spring,Weekday,No,Standard,Low,163.24
186.52,Summer,Weekday,No,Standard,Medium,234.93
171.01,Summer,Weekday,No,Standard,Low,180.29
162.17,Autumn,Weekday,No,Standard,Medium,183.03
203.87,Summer,Weekday,No,Standard,High,275.61
81.79,Spring,Weekday,No,Suite,Medium,116.99
119.64,Winter,Weekday,No,Standard,Medium,147.23
107.24,Winter,Weekday,Yes,Standard,High,177.14
218.2,Summer,Weekday,No,Standard,Medium,262.64
128.41,Spring,Weekday,No,Standard,Medium,141.46
179.89,Summer,Weekend,Yes,Standard,Medium,290.69
172.71,Spring,Weekday,No,Standard,High,203.79
101.81,Winter,Weekend,No,Standard,Medium,147.87
105.85,Spring,Weekday,No,Standard,High,139.13
112.19,Autumn,Weekday,Yes,Standard,High,170.71
131.67,Summer,Weekday,No,Suite,Medium,205.47
105.15,Autumn,Weekday,No,Suite,Medium,166.92
72.95,Autumn,Weekend,No,Standard,High,96.12
201.91,Winter,Weekend,No,Standard,Medium,282.75
214.84,Spring,Weekend,No,Standard,High,288.6
121.24,Spring,Weekday,Yes,Standard,High,183.6
120.78,Spring,Weekday,No,Standard,Medium,131.88
71.06,Winter,Weekday,No,Standard,Medium,88.96
172.04,Winter,Weekday,No,Standard,High,240.49
193.82,Autumn,Weekday,No,Standard,High,244.78
91.99,Autumn,Weekday,No,Standard,Medium,99.92
93.95,Autumn,Weekday,No,Suite,Low,124.21
188.51,Spring,Weekday,No,Suite,Medium,267.31
162.44,Winter,Weekend,No,Standard,Medium,221.44
76.73,Summer,Weekend,No,Standard,Medium,108.61
163.38,Summer,Weekend,No,Suite,Medium,275.76
116.34,Summer,Weekday,No,Suite,Medium,178.74
125.31,Spring,Weekday,No,Standard,Medium,134.66
185.46,Spring,Weekday,No,Standard,Low,170.9
191.64,Autumn,Weekend,No,Standard,Medium,232.56
130.05,Spring,Weekday,Yes,Standard,Medium,174.29
212.07,Autumn,Weekday,No,Standard,Low,201.52
130.97,Spring,Weekend,No,Standard,Low,143.05
185.78,Summer,Weekday,No,Standard,Medium,230.61
142.58,Summer,Weekday,No,Standard,Medium,173.77
204.63,Summer,Weekday,No,Suite,Low,287.59
206.16,Autumn,Weekday,No,Standard,High,261.4
83.11,Summer,Weekday,No,Standard,Medium,104.68
210.47,Autumn,Weekday,No,Standard,High,267.19
193.83,Summer,Weekday,No,Standard,Medium,237.54
188.7,Autumn,Weekday,No,Suite,Medium,279.51
100.14,Winter,Weekend,Yes,Standard,High,176.84
190.77,Autumn,Weekday,No,Standard,Medium,214.2
197.52,Spring,Weekday,No,Standard,Medium,204.98
113.37,Spring,Weekday,No,Standard,Low,108.2
212.84,Summer,Weekend,Yes,Suite,Medium,416.23
77.48,Autumn,Weekday,No,Standard,Low,72.06
92.49,Spring,Weekday,Yes,Standard,Low,115.81
150.64,Summer,Weekend,No,Standard,Low,179.61
156.37,Autumn,Weekend,No,Standard,Low,166.3
166.77,Summer,Weekday,No,Suite,High,290.27
72.55,Winter,Weekend,No,Suite,Low,116.95
214.06,Spring,Weekday,No,Standard,Medium,232.76
76.69,Spring,Weekday,No,Standard,High,91.86
91.46,Autumn,Weekday,No,Suite,Medium,137.16
72.1,Summer,Weekday,No,Suite,Low,101.33
155.03,Autumn,Weekend,Yes,Standard,Medium,234.77
209.84,Summer,Weekday,No,Standard,Medium,250.48
169.89,Spring,Weekday,No,Standard,Medium,181.75
193.4,Winter,Weekend,No,Suite,High,372.41
71.99,Winter,Weekend,Yes,Standard,High,125.79
151.3,Autumn,Weekday,No,Standard,Medium,168.55
138.93,Summer,Weekday,No,Suite,Medium,217.72
144.85,Autumn,Weekday,No,Standard,Medium,158.82
80.83,Summer,Weekend,Yes,Standard,Low,107.56
172.67,Spring,Weekday,No,Standard,High,209.74
145.48,Winter,Weekend,Yes,Standard,Low,217.31
184.77,Spring,Weekday,No,Standard,Medium,199.34
142.79,Winter,Weekday,No,Standard,High,202.18
92.41,Summer,Weekday,No,Standard,Medium,113.84
